<?xml version="1.0" encoding="UTF-8"?><Actores>
    <Actor id="A59">
        <Nome>Elisabeth Shue</Nome>
        <Sexo>muller</Sexo>
        <DataNacemento formato="dd/mm/aaaa">06/10/1963</DataNacemento>
    </Actor>
    <Actor id="A139">
        <Nome>Jhonny Depp</Nome>
        <Sexo>home</Sexo>
        <DataNacemento formato="dd/mm/aaaa">09/06/1963</DataNacemento>
    </Actor>
    <Actor id="A100">
        <Nome>Harrison Ford</Nome>
        <Sexo>home</Sexo>
        <DataNacemento formato="dd/mm/aaaa">13/07/1943</DataNacemento>
    </Actor>
    <Actor id="A120">
        <Nome>Demi Moore</Nome>
        <Sexo>muller</Sexo>
        <DataNacemento formato="dd/mm/aaaa">13/10/1966</DataNacemento>
    </Actor>
    <Actor id="A40">
        <Nome>Diane Keaton</Nome>
        <Sexo>muller</Sexo>
        <DataNacemento formato="dd/mm/aaaa">15/01/1952</DataNacemento>
    </Actor>
    <Actor id="A32">
        <Nome>Michael Caine</Nome>
        <Sexo>home</Sexo>
        <DataNacemento formato="dd/mm/aaaa">14/03/1933</DataNacemento>
    </Actor>
</Actores>
