<?xml version="1.0" encoding="UTF-8"?>
<Lunas Descripcion="Fases lunares" Servicio="MeteoGalicia">
    <Luna Estado="LÚA NOVA">
        <Fecha>02/10/2024</Fecha>
        <Hora>20:50</Hora>
    </Luna>
    <Luna Estado="CUARTO CRECENTE">
        <Fecha>10/10/2024</Fecha>
        <Hora>20:56</Hora>
    </Luna>
    <Luna Estado="LÚA CHEA">
        <Fecha>17/10/2024</Fecha>
        <Hora>13:27</Hora>
    </Luna>
    <Luna Estado="CUARTO MINGUANTE">
        <Fecha>24/10/2024</Fecha>
        <Hora>10:05</Hora>
    </Luna>
    <Luna Estado="LÚA NOVA">
        <Fecha>01/11/2024</Fecha>
        <Hora>13:48</Hora>
    </Luna>
    <Luna Estado="CUARTO CRECENTE">
        <Fecha>09/11/2024</Fecha>
        <Hora>06:56</Hora>
    </Luna>
    <Luna Estado="LÚA CHEA">
        <Fecha>15/11/2024</Fecha>
        <Hora>22:29</Hora>
    </Luna>
    <Luna Estado="CUARTO MINGUANTE">
        <Fecha>23/11/2024</Fecha>
        <Hora>02:29</Hora>
    </Luna>
</Lunas>
