<?xml version="1.0" encoding="UTF-8"?>
<rss xmlns:Mareas="Mareas" xmlns:dc="http://purl.org/dc/elements/1.1/" xmlns:georss="http://www.georss.org/georss" version="2.0">
  <channel>
    <title>Tabla de mareas</title>
    <link>https://www.meteogalicia.gal/web/predicion/maritima/mareasIndex.action?request_locale=gl</link>
    <description>Mareas amosadas en horario local</description>
    <item>
      <title>Mareas en A Coruña  xoves 03 de novembro</title>
      <link>https://www.meteogalicia.gal/web/predicion/maritima/mareasIndex.action?request_locale=gl&amp;idPorto=1&amp;data=03/11/2022</link>
      <description>&lt;div  id="divestActual" class="datos"&gt;&lt;table class="tableloc"  width=250 border=1 bordercolor="#cfcfcf"&gt;&lt;thead&gt;&lt;th&gt;Estado&lt;/th&gt;&lt;th&gt;Hora&lt;/th&gt;&lt;th&gt;Altura&lt;/th&gt;&lt;/thead&gt;&lt;tr&gt;&lt;td&gt;Baixamar&lt;/td&gt;&lt;td&gt;05:55&lt;/td&gt;&lt;td&gt;1,4&lt;/td&gt;&lt;/tr&gt;&lt;tr&gt;&lt;td&gt;Preamar&lt;/td&gt;&lt;td&gt;12:15&lt;/td&gt;&lt;td&gt;3,3&lt;/td&gt;&lt;/tr&gt;&lt;tr&gt;&lt;td&gt;Baixamar&lt;/td&gt;&lt;td&gt;18:40&lt;/td&gt;&lt;td&gt;1,1&lt;/td&gt;&lt;/tr&gt;&lt;/table&gt;&lt;/div&gt;&lt;br/&gt;</description>
      <pubDate>Wed, 02 Nov 2022 23:00:00 GMT</pubDate>
      <guid>https://www.meteogalicia.gal/web/predicion/maritima/mareasIndex.action?request_locale=gl&amp;idPorto=1&amp;data=03/11/2022</guid>
      <dc:date>2022-11-02T23:00:00Z</dc:date>
      <georss:point>43.349998474121094 -8.383333206176758</georss:point>
      <Mareas:nomePorto descricion="Porto">A Coruña </Mareas:nomePorto>
      <Mareas:idPorto descricion="IdPorto">1</Mareas:idPorto>
      <Mareas:idPortoRef descricion="IdPortoRef">1</Mareas:idPortoRef>
      <Mareas:dataPredicion formato="dd/MM/yyyy">03/11/2022</Mareas:dataPredicion>
      <Mareas:mareas id="0" estado="Baixamar" hora="05:55" altura="1,4" idTipoMarea="0" />
      <Mareas:mareas id="1" estado="Preamar" hora="12:15" altura="3,3" idTipoMarea="1" />
      <Mareas:mareas id="2" estado="Baixamar" hora="18:40" altura="1,1" idTipoMarea="0" />
    </item>
    <item>
      <title>Mareas en Xixón para  xoves 03 de novembro</title>
      <link>https://www.meteogalicia.gal/web/predicion/maritima/mareasIndex.action?request_locale=gl&amp;idPorto=2&amp;data=03/11/2022</link>
      <description>&lt;div  id="divestActual" class="datos"&gt;&lt;table class="tableloc"  width=250 border=1 bordercolor="#cfcfcf"&gt;&lt;thead&gt;&lt;th&gt;Estado&lt;/th&gt;&lt;th&gt;Hora&lt;/th&gt;&lt;th&gt;Altura&lt;/th&gt;&lt;/thead&gt;&lt;tr&gt;&lt;td&gt;Preamar&lt;/td&gt;&lt;td&gt;00:09&lt;/td&gt;&lt;td&gt;3,4&lt;/td&gt;&lt;/tr&gt;&lt;tr&gt;&lt;td&gt;Baixamar&lt;/td&gt;&lt;td&gt;06:03&lt;/td&gt;&lt;td&gt;1,6&lt;/td&gt;&lt;/tr&gt;&lt;tr&gt;&lt;td&gt;Preamar&lt;/td&gt;&lt;td&gt;12:27&lt;/td&gt;&lt;td&gt;3,7&lt;/td&gt;&lt;/tr&gt;&lt;tr&gt;&lt;td&gt;Baixamar&lt;/td&gt;&lt;td&gt;18:46&lt;/td&gt;&lt;td&gt;1,3&lt;/td&gt;&lt;/tr&gt;&lt;/table&gt;&lt;/div&gt;&lt;br/&gt;</description>
      <pubDate>Wed, 02 Nov 2022 23:00:00 GMT</pubDate>
      <guid>https://www.meteogalicia.gal/web/predicion/maritima/mareasIndex.action?request_locale=gl&amp;idPorto=2&amp;data=03/11/2022</guid>
      <dc:date>2022-11-02T23:00:00Z</dc:date>
      <georss:point>43.54999923706055 -5.683330059051514</georss:point>
      <Mareas:nomePorto descricion="Porto">Xixón </Mareas:nomePorto>
      <Mareas:idPorto descricion="IdPorto">2</Mareas:idPorto>
      <Mareas:idPortoRef descricion="IdPortoRef">2</Mareas:idPortoRef>
      <Mareas:dataPredicion formato="dd/MM/yyyy">03/11/2022</Mareas:dataPredicion>
      <Mareas:mareas id="0" estado="Preamar" hora="00:09" altura="3,4" idTipoMarea="1" />
      <Mareas:mareas id="1" estado="Baixamar" hora="06:03" altura="1,6" idTipoMarea="0" />
      <Mareas:mareas id="2" estado="Preamar" hora="12:27" altura="3,7" idTipoMarea="1" />
      <Mareas:mareas id="3" estado="Baixamar" hora="18:46" altura="1,3" idTipoMarea="0" />
    </item>
    <item>
      <title>Mareas en Vigo para  xoves 03 de novembro</title>
      <link>https://www.meteogalicia.gal/web/predicion/maritima/mareasIndex.action?request_locale=gl&amp;idPorto=3&amp;data=03/11/2022</link>
      <description>&lt;div  id="divestActual" class="datos"&gt;&lt;table class="tableloc"  width=250 border=1 bordercolor="#cfcfcf"&gt;&lt;thead&gt;&lt;th&gt;Estado&lt;/th&gt;&lt;th&gt;Hora&lt;/th&gt;&lt;th&gt;Altura&lt;/th&gt;&lt;/thead&gt;&lt;tr&gt;&lt;td&gt;Baixamar&lt;/td&gt;&lt;td&gt;05:37&lt;/td&gt;&lt;td&gt;1,4&lt;/td&gt;&lt;/tr&gt;&lt;tr&gt;&lt;td&gt;Preamar&lt;/td&gt;&lt;td&gt;11:53&lt;/td&gt;&lt;td&gt;3,2&lt;/td&gt;&lt;/tr&gt;&lt;tr&gt;&lt;td&gt;Baixamar&lt;/td&gt;&lt;td&gt;18:22&lt;/td&gt;&lt;td&gt;1,0&lt;/td&gt;&lt;/tr&gt;&lt;/table&gt;&lt;/div&gt;&lt;br/&gt;</description>
      <pubDate>Wed, 02 Nov 2022 23:00:00 GMT</pubDate>
      <guid>https://www.meteogalicia.gal/web/predicion/maritima/mareasIndex.action?request_locale=gl&amp;idPorto=3&amp;data=03/11/2022</guid>
      <dc:date>2022-11-02T23:00:00Z</dc:date>
      <georss:point>42.233333587646484 -8.716667175292969</georss:point>
      <Mareas:nomePorto descricion="Porto">Vigo</Mareas:nomePorto>
      <Mareas:idPorto descricion="IdPorto">3</Mareas:idPorto>
      <Mareas:idPortoRef descricion="IdPortoRef">3</Mareas:idPortoRef>
      <Mareas:dataPredicion formato="dd/MM/yyyy">03/11/2022</Mareas:dataPredicion>
      <Mareas:mareas id="0" estado="Baixamar" hora="05:37" altura="1,4" idTipoMarea="0" />
      <Mareas:mareas id="1" estado="Preamar" hora="11:53" altura="3,2" idTipoMarea="1" />
      <Mareas:mareas id="2" estado="Baixamar" hora="18:22" altura="1,0" idTipoMarea="0" />
    </item>
    <item>
      <title>Mareas en Vilagarcía para  xoves 03 de novembro</title>
      <link>https://www.meteogalicia.gal/web/predicion/maritima/mareasIndex.action?request_locale=gl&amp;idPorto=4&amp;data=03/11/2022</link>
      <description>&lt;div  id="divestActual" class="datos"&gt;&lt;table class="tableloc"  width=250 border=1 bordercolor="#cfcfcf"&gt;&lt;thead&gt;&lt;th&gt;Estado&lt;/th&gt;&lt;th&gt;Hora&lt;/th&gt;&lt;th&gt;Altura&lt;/th&gt;&lt;/thead&gt;&lt;tr&gt;&lt;td&gt;Baixamar&lt;/td&gt;&lt;td&gt;05:43&lt;/td&gt;&lt;td&gt;1,3&lt;/td&gt;&lt;/tr&gt;&lt;tr&gt;&lt;td&gt;Preamar&lt;/td&gt;&lt;td&gt;11:59&lt;/td&gt;&lt;td&gt;3,2&lt;/td&gt;&lt;/tr&gt;&lt;tr&gt;&lt;td&gt;Baixamar&lt;/td&gt;&lt;td&gt;18:28&lt;/td&gt;&lt;td&gt;1,0&lt;/td&gt;&lt;/tr&gt;&lt;/table&gt;&lt;/div&gt;&lt;br/&gt;</description>
      <pubDate>Wed, 02 Nov 2022 23:00:00 GMT</pubDate>
      <guid>https://www.meteogalicia.gal/web/predicion/maritima/mareasIndex.action?request_locale=gl&amp;idPorto=4&amp;data=03/11/2022</guid>
      <dc:date>2022-11-02T23:00:00Z</dc:date>
      <georss:point>42.58333206176758 -8.766667366027832</georss:point>
      <Mareas:nomePorto descricion="Porto">Vilagarcía </Mareas:nomePorto>
      <Mareas:idPorto descricion="IdPorto">4</Mareas:idPorto>
      <Mareas:idPortoRef descricion="IdPortoRef">4</Mareas:idPortoRef>
      <Mareas:dataPredicion formato="dd/MM/yyyy">03/11/2022</Mareas:dataPredicion>
      <Mareas:mareas id="0" estado="Baixamar" hora="05:43" altura="1,3" idTipoMarea="0" />
      <Mareas:mareas id="1" estado="Preamar" hora="11:59" altura="3,2" idTipoMarea="1" />
      <Mareas:mareas id="2" estado="Baixamar" hora="18:28" altura="1,0" idTipoMarea="0" />
    </item>
    <item>
      <title>Mareas en Ría de Foz para  xoves 03 de novembro</title>
      <link>https://www.meteogalicia.gal/web/predicion/maritima/mareasIndex.action?request_locale=gl&amp;idPorto=6&amp;data=03/11/2022</link>
      <description>&lt;div  id="divestActual" class="datos"&gt;&lt;table class="tableloc"  width=250 border=1 bordercolor="#cfcfcf"&gt;&lt;thead&gt;&lt;th&gt;Estado&lt;/th&gt;&lt;th&gt;Hora&lt;/th&gt;&lt;th&gt;Altura&lt;/th&gt;&lt;/thead&gt;&lt;tr&gt;&lt;td&gt;Preamar&lt;/td&gt;&lt;td&gt;00:01&lt;/td&gt;&lt;td&gt;3,2&lt;/td&gt;&lt;/tr&gt;&lt;tr&gt;&lt;td&gt;Baixamar&lt;/td&gt;&lt;td&gt;05:59&lt;/td&gt;&lt;td&gt;1,5&lt;/td&gt;&lt;/tr&gt;&lt;tr&gt;&lt;td&gt;Preamar&lt;/td&gt;&lt;td&gt;12:19&lt;/td&gt;&lt;td&gt;3,5&lt;/td&gt;&lt;/tr&gt;&lt;tr&gt;&lt;td&gt;Baixamar&lt;/td&gt;&lt;td&gt;18:44&lt;/td&gt;&lt;td&gt;1,2&lt;/td&gt;&lt;/tr&gt;&lt;/table&gt;&lt;/div&gt;&lt;br/&gt;</description>
      <pubDate>Wed, 02 Nov 2022 23:00:00 GMT</pubDate>
      <guid>https://www.meteogalicia.gal/web/predicion/maritima/mareasIndex.action?request_locale=gl&amp;idPorto=6&amp;data=03/11/2022</guid>
      <dc:date>2022-11-02T23:00:00Z</dc:date>
      <georss:point>43.56666564941406 -7.233333110809326</georss:point>
      <Mareas:nomePorto descricion="Porto">Ría de Foz</Mareas:nomePorto>
      <Mareas:idPorto descricion="IdPorto">6</Mareas:idPorto>
      <Mareas:idPortoRef descricion="IdPortoRef">1</Mareas:idPortoRef>
      <Mareas:dataPredicion formato="dd/MM/yyyy">03/11/2022</Mareas:dataPredicion>
      <Mareas:mareas id="0" estado="Preamar" hora="00:01" altura="3,2" idTipoMarea="1" />
      <Mareas:mareas id="1" estado="Baixamar" hora="05:59" altura="1,5" idTipoMarea="0" />
      <Mareas:mareas id="2" estado="Preamar" hora="12:19" altura="3,5" idTipoMarea="1" />
      <Mareas:mareas id="3" estado="Baixamar" hora="18:44" altura="1,2" idTipoMarea="0" />
    </item>
    <item>
      <title>Mareas en Corcubión para  xoves 03 de novembro</title>
      <link>https://www.meteogalicia.gal/web/predicion/maritima/mareasIndex.action?request_locale=gl&amp;idPorto=7&amp;data=03/11/2022</link>
      <description>&lt;div  id="divestActual" class="datos"&gt;&lt;table class="tableloc"  width=250 border=1 bordercolor="#cfcfcf"&gt;&lt;thead&gt;&lt;th&gt;Estado&lt;/th&gt;&lt;th&gt;Hora&lt;/th&gt;&lt;th&gt;Altura&lt;/th&gt;&lt;/thead&gt;&lt;tr&gt;&lt;td&gt;Baixamar&lt;/td&gt;&lt;td&gt;05:46&lt;/td&gt;&lt;td&gt;1,3&lt;/td&gt;&lt;/tr&gt;&lt;tr&gt;&lt;td&gt;Preamar&lt;/td&gt;&lt;td&gt;12:06&lt;/td&gt;&lt;td&gt;3,2&lt;/td&gt;&lt;/tr&gt;&lt;tr&gt;&lt;td&gt;Baixamar&lt;/td&gt;&lt;td&gt;18:33&lt;/td&gt;&lt;td&gt;1,0&lt;/td&gt;&lt;/tr&gt;&lt;/table&gt;&lt;/div&gt;&lt;br/&gt;</description>
      <pubDate>Wed, 02 Nov 2022 23:00:00 GMT</pubDate>
      <guid>https://www.meteogalicia.gal/web/predicion/maritima/mareasIndex.action?request_locale=gl&amp;idPorto=7&amp;data=03/11/2022</guid>
      <dc:date>2022-11-02T23:00:00Z</dc:date>
      <georss:point>42.95000076293945 -9.199999809265137</georss:point>
      <Mareas:nomePorto descricion="Porto">Corcubión </Mareas:nomePorto>
      <Mareas:idPorto descricion="IdPorto">7</Mareas:idPorto>
      <Mareas:idPortoRef descricion="IdPortoRef">4</Mareas:idPortoRef>
      <Mareas:dataPredicion formato="dd/MM/yyyy">03/11/2022</Mareas:dataPredicion>
      <Mareas:mareas id="0" estado="Baixamar" hora="05:46" altura="1,3" idTipoMarea="0" />
      <Mareas:mareas id="1" estado="Preamar" hora="12:06" altura="3,2" idTipoMarea="1" />
      <Mareas:mareas id="2" estado="Baixamar" hora="18:33" altura="1,0" idTipoMarea="0" />
    </item>
    <item>
      <title>Mareas en Ría de Camariña para  xoves 03 de novembro</title>
      <link>https://www.meteogalicia.gal/web/predicion/maritima/mareasIndex.action?request_locale=gl&amp;idPorto=8&amp;data=03/11/2022</link>
      <description>&lt;div  id="divestActual" class="datos"&gt;&lt;table class="tableloc"  width=250 border=1 bordercolor="#cfcfcf"&gt;&lt;thead&gt;&lt;th&gt;Estado&lt;/th&gt;&lt;th&gt;Hora&lt;/th&gt;&lt;th&gt;Altura&lt;/th&gt;&lt;/thead&gt;&lt;tr&gt;&lt;td&gt;Baixamar&lt;/td&gt;&lt;td&gt;05:48&lt;/td&gt;&lt;td&gt;1,4&lt;/td&gt;&lt;/tr&gt;&lt;tr&gt;&lt;td&gt;Preamar&lt;/td&gt;&lt;td&gt;12:06&lt;/td&gt;&lt;td&gt;3,3&lt;/td&gt;&lt;/tr&gt;&lt;tr&gt;&lt;td&gt;Baixamar&lt;/td&gt;&lt;td&gt;18:35&lt;/td&gt;&lt;td&gt;1,1&lt;/td&gt;&lt;/tr&gt;&lt;/table&gt;&lt;/div&gt;&lt;br/&gt;</description>
      <pubDate>Wed, 02 Nov 2022 23:00:00 GMT</pubDate>
      <guid>https://www.meteogalicia.gal/web/predicion/maritima/mareasIndex.action?request_locale=gl&amp;idPorto=8&amp;data=03/11/2022</guid>
      <dc:date>2022-11-02T23:00:00Z</dc:date>
      <georss:point>43.133331298828125 -9.183333396911621</georss:point>
      <Mareas:nomePorto descricion="Porto">Ría de Camariña</Mareas:nomePorto>
      <Mareas:idPorto descricion="IdPorto">8</Mareas:idPorto>
      <Mareas:idPortoRef descricion="IdPortoRef">4</Mareas:idPortoRef>
      <Mareas:dataPredicion formato="dd/MM/yyyy">03/11/2022</Mareas:dataPredicion>
      <Mareas:mareas id="0" estado="Baixamar" hora="05:48" altura="1,4" idTipoMarea="0" />
      <Mareas:mareas id="1" estado="Preamar" hora="12:06" altura="3,3" idTipoMarea="1" />
      <Mareas:mareas id="2" estado="Baixamar" hora="18:35" altura="1,1" idTipoMarea="0" />
    </item>
    <item>
      <title>Mareas en Ría de Corme para  xoves 03 de novembro</title>
      <link>https://www.meteogalicia.gal/web/predicion/maritima/mareasIndex.action?request_locale=gl&amp;idPorto=9&amp;data=03/11/2022</link>
      <description>&lt;div  id="divestActual" class="datos"&gt;&lt;table class="tableloc"  width=250 border=1 bordercolor="#cfcfcf"&gt;&lt;thead&gt;&lt;th&gt;Estado&lt;/th&gt;&lt;th&gt;Hora&lt;/th&gt;&lt;th&gt;Altura&lt;/th&gt;&lt;/thead&gt;&lt;tr&gt;&lt;td&gt;Baixamar&lt;/td&gt;&lt;td&gt;05:51&lt;/td&gt;&lt;td&gt;1,4&lt;/td&gt;&lt;/tr&gt;&lt;tr&gt;&lt;td&gt;Preamar&lt;/td&gt;&lt;td&gt;12:08&lt;/td&gt;&lt;td&gt;3,3&lt;/td&gt;&lt;/tr&gt;&lt;tr&gt;&lt;td&gt;Baixamar&lt;/td&gt;&lt;td&gt;18:35&lt;/td&gt;&lt;td&gt;1,1&lt;/td&gt;&lt;/tr&gt;&lt;/table&gt;&lt;/div&gt;&lt;br/&gt;</description>
      <pubDate>Wed, 02 Nov 2022 23:00:00 GMT</pubDate>
      <guid>https://www.meteogalicia.gal/web/predicion/maritima/mareasIndex.action?request_locale=gl&amp;idPorto=9&amp;data=03/11/2022</guid>
      <dc:date>2022-11-02T23:00:00Z</dc:date>
      <georss:point>43.233333587646484 -9.0</georss:point>
      <Mareas:nomePorto descricion="Porto">Ría de Corme</Mareas:nomePorto>
      <Mareas:idPorto descricion="IdPorto">9</Mareas:idPorto>
      <Mareas:idPortoRef descricion="IdPortoRef">4</Mareas:idPortoRef>
      <Mareas:dataPredicion formato="dd/MM/yyyy">03/11/2022</Mareas:dataPredicion>
      <Mareas:mareas id="0" estado="Baixamar" hora="05:51" altura="1,4" idTipoMarea="0" />
      <Mareas:mareas id="1" estado="Preamar" hora="12:08" altura="3,3" idTipoMarea="1" />
      <Mareas:mareas id="2" estado="Baixamar" hora="18:35" altura="1,1" idTipoMarea="0" />
    </item>
    <item>
      <title>Mareas en A Guarda para  xoves 03 de novembro</title>
      <link>https://www.meteogalicia.gal/web/predicion/maritima/mareasIndex.action?request_locale=gl&amp;idPorto=10&amp;data=03/11/2022</link>
      <description>&lt;div  id="divestActual" class="datos"&gt;&lt;table class="tableloc"  width=250 border=1 bordercolor="#cfcfcf"&gt;&lt;thead&gt;&lt;th&gt;Estado&lt;/th&gt;&lt;th&gt;Hora&lt;/th&gt;&lt;th&gt;Altura&lt;/th&gt;&lt;/thead&gt;&lt;tr&gt;&lt;td&gt;Baixamar&lt;/td&gt;&lt;td&gt;05:23&lt;/td&gt;&lt;td&gt;1,0&lt;/td&gt;&lt;/tr&gt;&lt;tr&gt;&lt;td&gt;Preamar&lt;/td&gt;&lt;td&gt;11:40&lt;/td&gt;&lt;td&gt;3,1&lt;/td&gt;&lt;/tr&gt;&lt;tr&gt;&lt;td&gt;Baixamar&lt;/td&gt;&lt;td&gt;18:09&lt;/td&gt;&lt;td&gt;0,7&lt;/td&gt;&lt;/tr&gt;&lt;/table&gt;&lt;/div&gt;&lt;br/&gt;</description>
      <pubDate>Wed, 02 Nov 2022 23:00:00 GMT</pubDate>
      <guid>https://www.meteogalicia.gal/web/predicion/maritima/mareasIndex.action?request_locale=gl&amp;idPorto=10&amp;data=03/11/2022</guid>
      <dc:date>2022-11-02T23:00:00Z</dc:date>
      <georss:point>41.900001525878906 -8.883333206176758</georss:point>
      <Mareas:nomePorto descricion="Porto">A Guarda</Mareas:nomePorto>
      <Mareas:idPorto descricion="IdPorto">10</Mareas:idPorto>
      <Mareas:idPortoRef descricion="IdPortoRef">10</Mareas:idPortoRef>
      <Mareas:dataPredicion formato="dd/MM/yyyy">03/11/2022</Mareas:dataPredicion>
      <Mareas:mareas id="0" estado="Baixamar" hora="05:23" altura="1,0" idTipoMarea="0" />
      <Mareas:mareas id="1" estado="Preamar" hora="11:40" altura="3,1" idTipoMarea="1" />
      <Mareas:mareas id="2" estado="Baixamar" hora="18:09" altura="0,7" idTipoMarea="0" />
    </item>
    <item>
      <title>Mareas en Ribeira para  xoves 03 de novembro</title>
      <link>https://www.meteogalicia.gal/web/predicion/maritima/mareasIndex.action?request_locale=gl&amp;idPorto=11&amp;data=03/11/2022</link>
      <description>&lt;div  id="divestActual" class="datos"&gt;&lt;table class="tableloc"  width=250 border=1 bordercolor="#cfcfcf"&gt;&lt;thead&gt;&lt;th&gt;Estado&lt;/th&gt;&lt;th&gt;Hora&lt;/th&gt;&lt;th&gt;Altura&lt;/th&gt;&lt;/thead&gt;&lt;tr&gt;&lt;td&gt;Baixamar&lt;/td&gt;&lt;td&gt;05:46&lt;/td&gt;&lt;td&gt;1,3&lt;/td&gt;&lt;/tr&gt;&lt;tr&gt;&lt;td&gt;Preamar&lt;/td&gt;&lt;td&gt;12:02&lt;/td&gt;&lt;td&gt;3,2&lt;/td&gt;&lt;/tr&gt;&lt;tr&gt;&lt;td&gt;Baixamar&lt;/td&gt;&lt;td&gt;18:31&lt;/td&gt;&lt;td&gt;1,0&lt;/td&gt;&lt;/tr&gt;&lt;/table&gt;&lt;/div&gt;&lt;br/&gt;</description>
      <pubDate>Wed, 02 Nov 2022 23:00:00 GMT</pubDate>
      <guid>https://www.meteogalicia.gal/web/predicion/maritima/mareasIndex.action?request_locale=gl&amp;idPorto=11&amp;data=03/11/2022</guid>
      <dc:date>2022-11-02T23:00:00Z</dc:date>
      <georss:point>42.54999923706055 -8.983332633972168</georss:point>
      <Mareas:nomePorto descricion="Porto">Ribeira</Mareas:nomePorto>
      <Mareas:idPorto descricion="IdPorto">11</Mareas:idPorto>
      <Mareas:idPortoRef descricion="IdPortoRef">4</Mareas:idPortoRef>
      <Mareas:dataPredicion formato="dd/MM/yyyy">03/11/2022</Mareas:dataPredicion>
      <Mareas:mareas id="0" estado="Baixamar" hora="05:46" altura="1,3" idTipoMarea="0" />
      <Mareas:mareas id="1" estado="Preamar" hora="12:02" altura="3,2" idTipoMarea="1" />
      <Mareas:mareas id="2" estado="Baixamar" hora="18:31" altura="1,0" idTipoMarea="0" />
    </item>
    <item>
      <title>Mareas en Muros para  xoves 03 de novembro</title>
      <link>https://www.meteogalicia.gal/web/predicion/maritima/mareasIndex.action?request_locale=gl&amp;idPorto=12&amp;data=03/11/2022</link>
      <description>&lt;div  id="divestActual" class="datos"&gt;&lt;table class="tableloc"  width=250 border=1 bordercolor="#cfcfcf"&gt;&lt;thead&gt;&lt;th&gt;Estado&lt;/th&gt;&lt;th&gt;Hora&lt;/th&gt;&lt;th&gt;Altura&lt;/th&gt;&lt;/thead&gt;&lt;tr&gt;&lt;td&gt;Baixamar&lt;/td&gt;&lt;td&gt;05:44&lt;/td&gt;&lt;td&gt;1,3&lt;/td&gt;&lt;/tr&gt;&lt;tr&gt;&lt;td&gt;Preamar&lt;/td&gt;&lt;td&gt;12:02&lt;/td&gt;&lt;td&gt;3,2&lt;/td&gt;&lt;/tr&gt;&lt;tr&gt;&lt;td&gt;Baixamar&lt;/td&gt;&lt;td&gt;18:31&lt;/td&gt;&lt;td&gt;1,0&lt;/td&gt;&lt;/tr&gt;&lt;/table&gt;&lt;/div&gt;&lt;br/&gt;</description>
      <pubDate>Wed, 02 Nov 2022 23:00:00 GMT</pubDate>
      <guid>https://www.meteogalicia.gal/web/predicion/maritima/mareasIndex.action?request_locale=gl&amp;idPorto=12&amp;data=03/11/2022</guid>
      <dc:date>2022-11-02T23:00:00Z</dc:date>
      <georss:point>42.766666412353516 -9.050000190734863</georss:point>
      <Mareas:nomePorto descricion="Porto">Muros</Mareas:nomePorto>
      <Mareas:idPorto descricion="IdPorto">12</Mareas:idPorto>
      <Mareas:idPortoRef descricion="IdPortoRef">4</Mareas:idPortoRef>
      <Mareas:dataPredicion formato="dd/MM/yyyy">03/11/2022</Mareas:dataPredicion>
      <Mareas:mareas id="0" estado="Baixamar" hora="05:44" altura="1,3" idTipoMarea="0" />
      <Mareas:mareas id="1" estado="Preamar" hora="12:02" altura="3,2" idTipoMarea="1" />
      <Mareas:mareas id="2" estado="Baixamar" hora="18:31" altura="1,0" idTipoMarea="0" />
    </item>
    <item>
      <title>Mareas en Pontevedra para  xoves 03 de novembro</title>
      <link>https://www.meteogalicia.gal/web/predicion/maritima/mareasIndex.action?request_locale=gl&amp;idPorto=13&amp;data=03/11/2022</link>
      <description>&lt;div  id="divestActual" class="datos"&gt;&lt;table class="tableloc"  width=250 border=1 bordercolor="#cfcfcf"&gt;&lt;thead&gt;&lt;th&gt;gt;Estado&lt;/th&gt;&lt;th&gt;Hora&lt;/th&gt;&lt;th&gt;Altura&lt;/th&gt;&lt;/thead&gt;&lt;tr&gt;&lt;td&gt;Baixamar&lt;/td&gt;&lt;td&gt;05:40&lt;/td&gt;&lt;td&gt;1,3&lt;/td&gt;&lt;/tr&gt;&lt;tr&gt;&lt;td&gt;Preamar&lt;/td&gt;&lt;td&gt;11:55&lt;/td&gt;&lt;td&gt;3,2&lt;/td&gt;&lt;/tr&gt;&lt;tr&gt;&lt;td&gt;Baixamar&lt;/td&gt;&lt;td&gt;18:26&lt;/td&gt;&lt;td&gt;1,0&lt;/td&gt;&lt;/tr&gt;&lt;/table&gt;&lt;/div&gt;&lt;br/&gt;</description>
      <pubDate>Wed, 02 Nov 2022 23:00:00 GMT</pubDate>
      <guid>https://www.meteogalicia.gal/web/predicion/maritima/mareasIndex.action?request_locale=gl&amp;idPorto=13&amp;data=03/11/2022</guid>
      <dc:date>2022-11-02T23:00:00Z</dc:date>
      <georss:point>42.43333435058594 -8.649999618530273</georss:point>
      <Mareas:nomePorto descricion="Porto">Pontevedra</Mareas:nomePorto>
      <Mareas:idPorto descricion="IdPorto">13</Mareas:idPorto>
      <Mareas:idPortoRef descricion="IdPortoRef">4</Mareas:idPortoRef>
      <Mareas:dataPredicion formato="dd/MM/yyyy">03/11/2022</Mareas:dataPredicion>
      <Mareas:mareas id="0" estado="Baixamar" hora="05:40" altura="1,3" idTipoMarea="0" />
      <Mareas:mareas id="1" estado="Preamar" hora="11:55" altura="3,2" idTipoMarea="1" />
      <Mareas:mareas id="2" estado="Baixamar" hora="18:26" altura="1,0" idTipoMarea="0" />
    </item>
    <item>
      <title>Mareas en Ferrol Porto Exterior para  xoves 03 de novembro</title>
      <link>https://www.meteogalicia.gal/web/predicion/maritima/mareasIndex.action?request_locale=gl&amp;idPorto=14&amp;data=03/11/2022</link>
      <description>&lt;div  id="divestActual" class="datos"&gt;&lt;table class="tableloc"  width=250 border=1 bordercolor="#cfcfcf"&gt;&lt;thead&gt;&lt;th&gt;Estado&lt;/th&gt;&lt;th&gt;Hora&lt;/th&gt;&lt;th&gt;Altura&lt;/th&gt;&lt;/thead&gt;&lt;tr&gt;&lt;td&gt;Baixamar&lt;/td&gt;&lt;td&gt;05:59&lt;/td&gt;&lt;td&gt;1,4&lt;/td&gt;&lt;/tr&gt;&lt;tr&gt;&lt;td&gt;Preamar&lt;/td&gt;&lt;td&gt;12:13&lt;/td&gt;&lt;td&gt;3,3&lt;/td&gt;&lt;/tr&gt;&lt;tr&gt;&lt;td&gt;Baixamar&lt;/td&gt;&lt;td&gt;18:43&lt;/td&gt;&lt;td&gt;1,1&lt;/td&gt;&lt;/tr&gt;&lt;/table&gt;&lt;/div&gt;&lt;br/&gt;</description>
      <pubDate>Wed, 02 Nov 2022 23:00:00 GMT</pubDate>
      <guid>https://www.meteogalicia.gal/web/predicion/maritima/mareasIndex.action?request_locale=gl&amp;idPorto=14&amp;data=03/11/2022</guid>
      <dc:date>2022-11-02T23:00:00Z</dc:date>
      <georss:point>43.46277618408203 -8.325555801391602</georss:point>
      <Mareas:nomePorto descricion="Porto">Ferrol Porto Exterior</Mareas:nomePorto>
      <Mareas:idPorto descricion="IdPorto">14</Mareas:idPorto>
      <Mareas:idPortoRef descricion="IdPortoRef">14</Mareas:idPortoRef>
      <Mareas:dataPredicion formato="dd/MM/yyyy">03/11/2022</Mareas:dataPredicion>
      <Mareas:mareas id="0" estado="Baixamar" hora="05:59" altura="1,4" idTipoMarea="0" />
      <Mareas:mareas id="1" estado="Preamar" hora="12:13" altura="3,3" idTipoMarea="1" />
      <Mareas:mareas id="2" estado="Baixamar" hora="18:43" altura="1,1" idTipoMarea="0" />
    </item>
    <item>
      <title>Mareas en Marín para  xoves 03 de novembro</title>
      <link>https://www.meteogalicia.gal/web/predicion/maritima/mareasIndex.action?request_locale=gl&amp;idPorto=15&amp;data=03/11/2022</link>
      <description>&lt;div  id="divestActual" class="datos"&gt;&lt;table class="tableloc"  width=250 border=1 bordercolor="#cfcfcf"&gt;&lt;thead&gt;&lt;th&gt;Estado&lt;/th&gt;&lt;th&gt;Hora&lt;/th&gt;&lt;th&gt;Altura&lt;/th&gt;&lt;/thead&gt;&lt;tr&gt;&lt;td&gt;Baixamar&lt;/td&gt;&lt;td&gt;05:40&lt;/td&gt;&lt;td&gt;1,3&lt;/td&gt;&lt;/tr&gt;&lt;tr&gt;&lt;td&gt;Preamar&lt;/td&gt;&lt;td&gt;11:56&lt;/td&gt;&lt;td&gt;3,1&lt;/td&gt;&lt;/tr&gt;&lt;tr&gt;&lt;td&gt;Baixamar&lt;/td&gt;&lt;td&gt;18:25&lt;/td&gt;&lt;td&gt;1,0&lt;/td&gt;&lt;/tr&gt;&lt;/table&gt;&lt;/div&gt;&lt;br/&gt;</description>
      <pubDate>Wed, 02 Nov 2022 23:00:00 GMT</pubDate>
      <guid>https://www.meteogalicia.gal/web/predicion/maritima/mareasIndex.action?request_locale=gl&amp;idPorto=15&amp;data=03/11/2022</guid>
      <dc:date>2022-11-02T23:00:00Z</dc:date>
      <georss:point>42.40611267089844 -8.691110610961914</georss:point>
      <Mareas:nomePorto descricion="Porto">Marín </Mareas:nomePorto>
      <Mareas:idPorto descricion="IdPorto">15</Mareas:idPorto>
      <Mareas:idPortoRef descricion="IdPortoRef">15</Mareas:idPortoRef>
      <Mareas:dataPredicion formato="dd/MM/yyyy">03/11/2022</Mareas:dataPredicion>
      <Mareas:mareas id="0" estado="Baixamar" hora="05:40" altura="1,3" idTipoMarea="0" />
      <Mareas:mareas id="1" estado="Preamar" hora="11:56" altura="3,1" idTipoMarea="1" />
      <Mareas:mareas id="2" estado="Baixamar" hora="18:25" altura="1,0" idTipoMarea="0" />
    </item>
    <item>
      <title>Mareas en Ferrol para  xoves 03 de novembro</title>
      <link>https://www.meteogalicia.gal/web/predicion/maritima/mareasIndex.action?request_locale=gl&amp;idPorto=16&amp;data=03/11/2022</link>
      <description>&lt;div  id="divestActual" class="datos"&gt;&lt;table class="tableloc"  width=250 border=1 bordercolor="#cfcfcf"&gt;&lt;thead&gt;&lt;th&gt;Estado&lt;/th&gt;&lt;th&gt;Hora&lt;/th&gt;&lt;th&gt;Altura&lt;/th&gt;&lt;/thead&gt;&lt;tr&gt;&lt;td&gt;Baixamar&lt;/td&gt;&lt;td&gt;05:57&lt;/td&gt;&lt;td&gt;1,4&lt;/td&gt;&lt;/tr&gt;&lt;tr&gt;&lt;td&gt;Preamar&lt;/td&gt;&lt;td&gt;12:17&lt;/td&gt;&lt;td&gt;3,4&lt;/td&gt;&lt;/tr&gt;&lt;tr&gt;&lt;td&gt;Baixamar&lt;/td&gt;&lt;td&gt;18:42&lt;/td&gt;&lt;td&gt;1,1&lt;/td&gt;&lt;/tr&gt;&lt;/table&gt;&lt;/div&gt;&lt;br/&gt;</description>
      <pubDate>Wed, 02 Nov 2022 23:00:00 GMT</pubDate>
      <guid>https://www.meteogalicia.gal/web/predicion/maritima/mareasIndex.action?request_locale=gl&amp;idPorto=16&amp;data=03/11/2022</guid>
      <dc:date>2022-11-02T23:00:00Z</dc:date>
      <georss:point>43.476112365722656 -8.248332977294922</georss:point>
      <Mareas:nomePorto descricion="Porto">Ferrol</Mareas:nomePorto>
      <Mareas:idPorto descricion="IdPorto">16</Mareas:idPorto>
      <Mareas:idPortoRef descricion="IdPortoRef">16</Mareas:idPortoRef>
      <Mareas:dataPredicion formato="dd/MM/yyyy">03/11/2022</Mareas:dataPredicion>
      <Mareas:mareas id="0" estado="Baixamar" hora="05:57" altura="1,4" idTipoMarea="0" />
      <Mareas:mareas id="1" estado="Preamar" hora="12:17" altura="3,4" idTipoMarea="1" />
      <Mareas:mareas id="2" estado="Baixamar" hora="18:42" altura="1,1" idTipoMarea="0" />
    </item>
  </channel>
</rss>
