<?xml version="1.0" encoding="UTF-8"?><Empleados xmlns:xsi="http://www.w3.org/2001/XMLSchema-instance" xsi:noNamespaceSchemaLocation="Empleados.xsd">
    <Empleado ID="11">
        <Nombre>Lucia Martín Martín</Nombre>
        <Cargo>Gerente</Cargo>
        <Direccion>Avda Vigo, 7 36911 Marin –Pontevedra</Direccion>
        <Aumento>200 euros</Aumento>
    </Empleado>
    <Empleado ID="2">
        <Nombre>María Rodríguez Ramírez</Nombre>
        <Cargo>Directora de tienda</Cargo>
        <Direccion>Luna50, 36005 Pontevedra</Direccion>
        <Aumento>200 euros</Aumento>
    </Empleado>
    <Empleado ID="3">
        <Nombre>Esteban Alba Jiménez</Nombre>
        <Cargo>Gerente</Cargo>
        <Direccion>El callejón, 8 36900 Marín -Pontevedra-</Direccion>
        <Aumento>175 euros</Aumento>
    </Empleado>
    <Empleado ID="10">
        <Nombre>Carmen Gil Villa</Nombre>
        <Cargo>Secretaria</Cargo>
        <Direccion>Del Mar, 4 36004 Pontevedra</Direccion>
        <Aumento>200 euros</Aumento>
    </Empleado>
    <Empleado ID="15">
        <Nombre>Maria Rivas Rivas</Nombre>
        <Cargo>Gerente</Cargo>
        <Direccion>El callejón, 8 36900 Marín -Pontevedra-</Direccion>
        <Aumento>175 euros</Aumento>
    </Empleado>
</Empleados>
