<?xml version="1.0"?>
<!DOCTYPE hibernate-mapping PUBLIC "-//Hibernate/Hibernate Mapping DTD 3.0//EN"
"http://www.hibernate.org/dtd/hibernate-mapping-3.0.dtd">
<!-- Generated 23 ene. 2025 9:18:23 by Hibernate Tools 4.3.1 -->
<hibernate-mapping>
    <class name="pojos.Departamento" table="DEPARTAMENTO" schema="dbo" catalog="EmpresaHB">
        <id name="numDepartamento" type="int">
            <column name="Num_departamento" />
            <generator class="increment" />
        </id>
        <property name="nomeDepartamento" type="string">
            <column name="Nome_departamento" length="25" not-null="true" unique="true" />
        </property>

        <idbag name="lugares" table="LUGAR">
            <collection-id type="java.lang.Integer" column="id">
                <generator class="increment"/>
            </collection-id>
            <key column="num_departamento" not-null="true"/>
            <element column="lugar" type="java.lang.String" not-null="true"/>
        </idbag>

        <!-- Relación many to one con empleado, quien dirige el departamento -->
        <many-to-one name="director" class="pojos.Empregado">
            <column name="nssDirector" length="15"/>
        </many-to-one>

        <!-- Relación one to many con proxecto, los proxectos que controla -->
        <bag name="proxectosControlados" table="PROXECTO" inverse="true" lazy="true">
            <key>
                <column name="Num_depart_controla"/>
            </key>
            <one-to-many class="pojos.Proxecto"/>
        </bag>
    </class>
</hibernate-mapping>
