<?xml version="1.0"?>
<!DOCTYPE hibernate-mapping PUBLIC "-//Hibernate/Hibernate Mapping DTD 3.0//EN"
        "http://www.hibernate.org/dtd/hibernate-mapping-3.0.dtd">
<!-- Generated 23 ene. 2025 9:18:23 by Hibernate Tools 4.3.1 -->
<hibernate-mapping>
    <class name="pojos.Empregado" table="EMPREGADO" schema="dbo" catalog="EmpresaHB" dynamic-update="true">
        <id name="nss" type="string">
            <column name="NSS" length="15"/>
            <generator class="assigned"/>
        </id>
        <property name="nome" type="string">
            <column name="Nome" length="25" not-null="true"/>
        </property>
        <property name="apelido1" type="string">
            <column name="Apelido_1" length="25" not-null="true"/>
        </property>
        <property name="apelido2" type="string">
            <column name="Apelido_2" length="25"/>
        </property>
        <property name="salario" type="java.lang.Double">
            <column name="Salario" precision="53" scale="0"/>
        </property>
        <property name="dataNacemento" type="date">
            <column name="Data_nacemento" length="10"/>
        </property>
        <property name="sexo" type="java.lang.Character">
            <column name="Sexo" length="1"/>
        </property>

        <set name="telefonos" table="TELEFONO">
            <key>   <!-- CLAVE FORANEA -->
                <column name="NSS" not-null="true"/>
            </key>

            <!-- Mapeo cuando en la base de datos únicamente teníamos el número de teléfono. Set<String> telefonos
            <element column="Numero" type="java.lang.String" not-null="true" length="9"/>
            -->

            <!-- Mapeo cuando en la base de datos teníamos el número de teléfono y el tipo de teléfono. Set<Telefono> telefonos -->
            <composite-element class="pojos.Telefono">
                <property name="numero" column="Numero" type="java.lang.String" not-null="true"/>
                <property name="informacion" column="Informacion" type="java.lang.String"/>
            </composite-element>
        </set>

        <!--B Mapeo de telefono (nuemro e infromacion) como mapa
        <map name="telefonos" table="TELEFONO">
            <key column="NSS" not-null="true"/>
            <map-key type="string" column="Numero"/>
            <element column="Informacion" type="string"/>
        </map>
         -->

        <list name="familiares" table="FAMILIAR">
            <key column="NSS_Empregado" not-null="true"/> <!-- CLAVE FORANEA -->
            <list-index column="Numero" base="1"/>
            <!-- VALOR (compuesto) -->
            <composite-element class="pojos.Familiar">
                <property name="nss" type="java.lang.String">
                    <column name="nss" length="15" not-null="true"/>
                </property>
                <property name="nome" type="java.lang.String">
                    <column name="nome" length="25" not-null="true"/>
                </property>
                <property name="apelido1">
                    <column name="apelido1" length="25" not-null="true"/>
                </property>
                <property name="apelido2" type="java.lang.String">
                    <column name="apelido2" length="25"/>
                </property>
                <property name="dataNacemento" type="date">
                    <column name="dataNacemento" length="10"/>
                </property>
                <property name="parentesco" type="java.lang.String">
                    <column name="parentesco" length="20" not-null="true"/>
                </property>
                <property name="sexo" type="java.lang.Character">
                    <column name="sexo" length="1"/>
                </property>
            </composite-element>
        </list>

        <!-- mapeo de las aficiones en lugar de componentes -->
        <bag name="aficiones" table="AFICION">
            <key column="Nss_Empregado" not-null="true"/> <!-- CLAVE FORÁNEA -->
            <element column="Aficion" type="string" not-null="true"/> <!-- VALOR (simple) -->
        </bag>

        <!-- mapeo de las horas extra en el orden natural -->
        <map name="mapHorasExtra" table="HORASEXTRA" sort="utiles.OrderData"> <!-- orden natural sort="natural" -->
            <key>   <!-- CLAVE FORANEA -->
                <column name="NSS_Empregado" not-null="true"/>
            </key>
            <map-key column="Data" type="java.sql.Date"/> <!-- CLAVE DEL MAPA -->
            <element column="Horas" type="java.lang.Double" not-null="true"/> <!-- VALOR DEL MAPA (simple) -->
        </map>

        <!-- mapeo del enderezo -->
        <component name="enderezo" class="pojos.Enderezo">
            <property name="rua" type="java.lang.String">
                <column name="Rua" length="30"/>
            </property>
            <property name="cp" type="java.lang.String">
                <column name="CP" length="5"/>
            </property>
            <property name="localidade" type="java.lang.String">
                <column name="Localidade" length="30"/>
            </property>
            <property name="provincia" type="java.lang.String">
                <column name="Provincia" length="30"/>
            </property>
        </component>

        <!-- Mapeo de la relación UNO a UNO con VEHICULO -->
        <one-to-one name="vehiculo" class="pojos.Vehiculo" cascade="all"/>

        <!-- Mapeo de la relación MANY to MANY con PROXECTO -->
        <bag name="proxectosParticipa" table="EMPREGADO_PROXECTO" lazy="true" fetch="select">
            <key>
                <column name="NSS_Empregado" not-null="true"/>
            </key>
            <many-to-many class="pojos.Proxecto" column="Num_proxecto"/>
        </bag>
    </class>
</hibernate-mapping>