<?xml version="1.0" encoding="UTF-8"?>
<!DOCTYPE hibernate-mapping PUBLIC "-//Hibernate/Hibernate Mapping DTD 3.0//EN"
  "http://hibernate.sourceforge.net/hibernate-mapping-3.0.dtd">

<hibernate-mapping>
    <class name="pojos.Vehiculo" table="VEHICULO" schema="dbo" catalog="EmpresaHB">
        <id name="nss" type="java.lang.String">
            <column name="NSS" length="15"/>
            <generator class="foreign">
                <param name="property">propietario</param>
            </generator>
        </id>
        <!-- mapeo de las propiedades -->
        <property name="matricula" type="java.lang.String">
            <column name="Matricula" length="8" not-null="true" unique="true"/>
        </property>
        <property name="marca" type="java.lang.String">
            <column name="Marca" length="30" not-null="true"/>
        </property>
        <property name="modelo" type="java.lang.String">
            <column name="Modelo" length="30" not-null="true"/>
        </property>
        <property name="dataCompra" type="java.sql.Date">
            <column name="Data_compra" not-null="true"/>
        </property>

        <!-- mapeo de las relaciones -->
        <!-- mapeo del empleado que tiene el vehiculo -->
        <one-to-one name="propietario" class="pojos.Empregado" constrained="true"/>
    </class>
</hibernate-mapping>
