<?xml version="1.0" encoding="UTF-8" standalone="yes"?>
<Personas>
    <Estudiante>
        <Nombre>Angel Rodríguez</Nombre>
        <Edad>23</Edad>
        <Informacion_Contacto>
            <Direccion>
                <Calle>Luna</Calle>
                <Numero>6</Numero>
                <Localidad>Pontevedra</Localidad>
                <Provincia>Pontevedra</Provincia>
            </Direccion>
            <Telefonos>222222222 222221199 222221111</Telefonos>
        </Informacion_Contacto>
        <Universidad>Santiago</Universidad>
        <Carrera>Informática</Carrera>
    </Estudiante>
    <Trabajador>
        <Nombre>Carlos Alba</Nombre>
        <Edad>44</Edad>
        <Informacion_Contacto>
            <Direccion>
                <Calle>Sol</Calle>
                <Numero>3</Numero>
                <Localidad>Marin</Localidad>
                <Provincia>Pontevedra</Provincia>
            </Direccion>
            <Telefonos>111111222 111111111</Telefonos>
        </Informacion_Contacto>
        <Empresa>La colmena</Empresa>
        <Puesto>Director</Puesto>
        <Salario>8000.0</Salario>
    </Trabajador>
    <Trabajador>
        <Nombre>Manuel Sánchez</Nombre>
        <Edad>45</Edad>
        <Informacion_Contacto>
            <Direccion>
                <Calle>Nube</Calle>
                <Numero>16</Numero>
                <Localidad>Pontevedra</Localidad>
                <Provincia>Pontevedra</Provincia>
            </Direccion>
            <Telefonos>333333333 333331111</Telefonos>
        </Informacion_Contacto>
        <Empresa>El tornillo</Empresa>
        <Puesto>Gerente</Puesto>
        <Salario>2000.0</Salario>
    </Trabajador>
</Personas>
